{
    "Unknow": {
        "com.miui.gallery": 1658979581000,
        "com.miui.securitycenter": 1658981952000,
        "com.android.browser": 1658997182000,
        "com.android.calendar": 1658993352000,
        "com.android.camera": 1658976221000,
        "com.xiaomi.market": 1658976641000,
        "com.xiaomi.gamecenter": 1658803418000,
        "com.miui.weather2": 1658995526000,
        "com.miui.voiceassist": 1658977877000,
        "com.miui.powerkeeper": 1658977886000,
        "com.android.providers.calendar": 1658993352000,
        "com.xiaomi.account": 1658976642000,
        "com.xiaomi.gamecenter.sdk.service": 1657188179000,
        "com.miui.systemAdSolution": 1658976221000,
        "com.miui.guardprovider": 1658981954000,
        "com.miui.daemon": 1658976221000,
        "com.miui.hybrid": 1658976215000,
        "com.miui.personalassistant": 1658976982000,
        "com.xiaomi.xmsf": 1658976230000,
        "com.xiaomi.finddevice": 1658976793000,
        "com.miui.newhome": 1658997169000,
        "com.xiaomi.misettings": 1658976221000,
        "com.miui.cloudservice": 1658976641000,
        "com.xiaomi.bluetooth": 1658977006000,
        "com.miui.core": 1658976240000,
        "com.xiaomi.aiasst.service": 1658979506000,
        "Count": 26
    },
    "屏幕信息": {
        "widthPixels": 1080,
        "heightPixels": 2166,
        "density": 2.75,
        "scaledDensity": 2.75,
        "densityDpi": 440,
        "xdpi": 401.639,
        "ydpi": 401.845,
        "widthPixels1": 1080,
        "heightPixels1": 2400,
        "density1": 2.75,
        "scaledDensity1": 2.75,
        "densityDpi1": 440,
        "xdpi1": 401.639,
        "ydpi1": 401.845,
        "widthPixels2": 1080,
        "heightPixels2": 2166,
        "density2": 2.75,
        "scaledDensity2": 2.75,
        "densityDpi2": 440,
        "xdpi2": 401.639,
        "ydpi2": 401.845,
        "t-width": 392.72726,
        "t-height": 787.63635,
        "t-w": 1080,
        "t-h": 2400
    },
    "设备信息": {
        "SystemName": "Android",
        "SystemVersion": "12",
        "DeviceBrand": "Xiaomi",
        "UM-OAID": "ac24b40d2306fb5d",
        "DeviceModel": "M2101K9C",
        "ApplicationChannel": "CHANNEL-Xiaomi",
        "ApplicationKey": "APPKE",
        "APILevel": "31",
        "UA": "Mozilla\/5.0 (Linux; Android 12; M2101K9C Build\/SKQ1.211006.001; wv) AppleWebKit\/537.36 (KHTML, like Gecko) Version\/4.0 Chrome\/96.0.4664.104 Mobile Safari\/537.36",
        "TargetSdkVersion": "31",
        "BootTimeMilliseconds": "1658971752037",
        "Simulator": "0",
        "Debug": "0",
        "Hijack": "0",
        "SDK--utdid": "YuJJvlv8sC8DAGBb6trH3\/cI",
        "IsRoot": "0",
        "SystemFontSize": "0",
        "SystemHour": "12",
        "SystemLanguage": "zh",
        "SystemArea": "CN",
        "TimeZone": "GMT+08:00",
        "SenSorModuleName": [
            {
                "SenSorName": "Elliptic Proximity",
                "SenSorVersion": "4",
                "SenSorManufacturer": "Elliptic Labs",
                "SenSorId": 0,
                "SenSorWakeUpSensor": true,
                "SenSorPower": 0.5
            },
            {
                "SenSorName": "icm4x6xx Accelerometer Non-wakeup",
                "SenSorVersion": "307",
                "SenSorManufacturer": "TDK-Invensense",
                "SenSorId": 0,
                "SenSorWakeUpSensor": false,
                "SenSorPower": 0.23999999463558197
            },
            {
                "SenSorName": "ak0991x Magnetometer Non-wakeup",
                "SenSorVersion": "146966",
                "SenSorManufacturer": "akm",
                "SenSorId": 0,
                "SenSorWakeUpSensor": false,
                "SenSorPower": 1.100000023841858
            },
            {
                "SenSorName": "orientation  Non-wakeup",
                "SenSorVersion": "1",
                "SenSorManufacturer": "xiaomi",
                "SenSorId": 0,
                "SenSorWakeUpSensor": false,
                "SenSorPower": 0.0010000000474974513
            },
            {
                "SenSorName": "icm4x6xx Gyroscope Non-wakeup",
                "SenSorVersion": "307",
                "SenSorManufacturer": "TDK-Invensense",
                "SenSorId": 0,
                "SenSorWakeUpSensor": false,
                "SenSorPower": 0.5699999928474426
            },
            {
                "SenSorName": "ams_tcs3701_new Ambient Light Sensor Non-wakeup",
                "SenSorVersion": "66048",
                "SenSorManufacturer": "ams AG",
                "SenSorId": 0,
                "SenSorWakeUpSensor": false,
                "SenSorPower": 0.3799999952316284
            },
            {
                "SenSorName": "ams_tcs3701_new Ambient Light Sensor Wakeup",
                "SenSorVersion": "66048",
                "SenSorManufacturer": "ams AG",
                "SenSorId": 0,
                "SenSorWakeUpSensor": true,
                "SenSorPower": 0.3799999952316284
            },
            {
                "SenSorName": "gravity  Non-wakeup",
                "SenSorVersion": "1",
                "SenSorManufacturer": "qualcomm",
                "SenSorId": 0,
                "SenSorWakeUpSensor": false,
                "SenSorPower": 0.5149999856948853
            },
            {
                "SenSorName": "linear_acceleration",
                "SenSorVersion": "1",
                "SenSorManufacturer": "qualcomm",
                "SenSorId": 0,
                "SenSorWakeUpSensor": false,
                "SenSorPower": 0.5149999856948853
            },
            {
                "SenSorName": "Rotation Vector  Non-wakeup",
                "SenSorVersion": "1",
                "SenSorManufacturer": "qualcomm",
                "SenSorId": 0,
                "SenSorWakeUpSensor": false,
                "SenSorPower": 1.4149999618530273
            },
            {
                "SenSorName": "ak0991x Magnetometer-Uncalibrated Non-wakeup",
                "SenSorVersion": "146966",
                "SenSorManufacturer": "akm",
                "SenSorId": 0,
                "SenSorWakeUpSensor": false,
                "SenSorPower": 1.100000023841858
            },
            {
                "SenSorName": "Game Rotation Vector  Non-wakeup",
                "SenSorVersion": "1",
                "SenSorManufacturer": "qualcomm",
                "SenSorId": 0,
                "SenSorWakeUpSensor": false,
                "SenSorPower": 0.5149999856948853
            },
            {
                "SenSorName": "icm4x6xx Gyroscope-Uncalibrated Non-wakeup",
                "SenSorVersion": "307",
                "SenSorManufacturer": "TDK-Invensense",
                "SenSorId": 0,
                "SenSorWakeUpSensor": false,
                "SenSorPower": 0.5699999928474426
            },
            {
                "SenSorName": "sns_smd  Wakeup",
                "SenSorVersion": "1",
                "SenSorManufacturer": "qualcomm",
                "SenSorId": 0,
                "SenSorWakeUpSensor": true,
                "SenSorPower": 0.02500000037252903
            },
            {
                "SenSorName": "pedometer  Non-wakeup",
                "SenSorVersion": "1",
                "SenSorManufacturer": "qualcomm",
                "SenSorId": 0,
                "SenSorWakeUpSensor": false,
                "SenSorPower": 0.15000000596046448
            },
            {
                "SenSorName": "pedometer  Wakeup",
                "SenSorVersion": "1",
                "SenSorManufacturer": "qualcomm",
                "SenSorId": 0,
                "SenSorWakeUpSensor": true,
                "SenSorPower": 0.15000000596046448
            },
            {
                "SenSorName": "pedometer  Non-wakeup",
                "SenSorVersion": "1",
                "SenSorManufacturer": "qualcomm",
                "SenSorId": 0,