{
  "屏幕信息": {
    "me_xxx": "&width=411.42856&height=796.5714&w=1440&h=3040",
    "density": 3.5,
    "width": 411.42856,
    "height": 796.5714,
    "w": 1440,
    "h": 3040
  }
}