{
    "Unknow": {
        "com.miui.gallery": 1658996912000,
        "com.android.mms": 1658996760000,
        "com.android.calendar": 1658994711000,
        "com.android.camera": 1658988523000,
        "com.xiaomi.market": 1658988519000,
        "com.miui.voiceassist": 1658997086000,
        "com.miui.powerkeeper": 1658989165000,
        "com.android.providers.calendar": 1658994712000,
        "com.xiaomi.account": 1658989114000,
        "com.xiaomi.gamecenter.sdk.service": 1657705457000,
        "com.miui.systemAdSolution": 1658997079000,
        "com.miui.daemon": 1658988523000,
        "com.miui.hybrid": 1658988521000,
        "com.miui.personalassistant": 1658989473000,
        "com.xiaomi.xmsf": 1658988536000,
        "com.xiaomi.finddevice": 1658988911000,
        "com.miui.newhome": 1658996975000,
        "com.xiaomi.misettings": 1658988523000,
        "com.miui.cloudservice": 1658996924000,
        "com.xiaomi.bluetooth": 1658988547000,
        "com.miui.core": 1658988557000,
        "com.xiaomi.aiasst.service": 1658990683000,
        "Count": 22
    },
    "屏幕信息": {
        "widthPixels": 1080,
        "heightPixels": 2166,
        "density": 2.75,
        "scaledDensity": 2.75,
        "densityDpi": 440,
        "xdpi": 401.639,
        "ydpi": 401.845,
        "widthPixels1": 1080,
        "heightPixels1": 2400,
        "density1": 2.75,
        "scaledDensity1": 2.75,
        "densityDpi1": 440,
        "xdpi1": 401.639,
        "ydpi1": 401.845,
        "widthPixels2": 1080,
        "heightPixels2": 2166,
        "density2": 2.75,
        "scaledDensity2": 2.75,
        "densityDpi2": 440,
        "xdpi2": 401.639,
        "ydpi2": 401.845,
        "t-width": 392.72726,
        "t-height": 787.63635,
        "t-w": 1080,
        "t-h": 2400
    },
    "设备信息": {
        "SystemName": "Android",
        "SystemVersion": "12",
        "DeviceBrand": "Xiaomi",
        "UM-OAID": "271f49689e8b6669",
        "DeviceModel": "M2101K9C",
        "ApplicationChannel": "CHANNEL-Xiaomi",
        "ApplicationKey": "APPKE",
        "APILevel": "31",
        "UA": "Mozilla\/5.0 (Linux; Android 12; M2101K9C Build\/SKQ1.211006.001; wv) AppleWebKit\/537.36 (KHTML, like Gecko) Version\/4.0 Chrome\/95.0.4638.74 Mobile Safari\/537.36",
        "TargetSdkVersion": "31",
        "BootTimeMilliseconds": "1658975511720",
        "Simulator": "0",
        "Debug": "0",
        "Hijack": "0",
        "SDK--utdid": "YuJI\/R\/owrsDAEY9rmaH4JMm",
        "IsRoot": "0",
        "SystemFontSize": "0",
        "SystemHour": "12",
        "SystemLanguage": "zh",
        "SystemArea": "CN",
        "TimeZone": "GMT+08:00",
        "SenSorModuleName": [
            {
                "SenSorName": "Elliptic Proximity",
                "SenSorVersion": "4",
                "SenSorManufacturer": "Elliptic Labs",
                "SenSorId": 0,
                "SenSorWakeUpSensor": true,
                "SenSorPower": 0.5
            },
            {
                "SenSorName": "icm4x6xx Accelerometer Non-wakeup",
                "SenSorVersion": "307",
                "SenSorManufacturer": "TDK-Invensense",
                "SenSorId": 0,
                "SenSorWakeUpSensor": false,
                "SenSorPower": 0.23999999463558197
            },
            {
                "SenSorName": "ak0991x Magnetometer Non-wakeup",
                "SenSorVersion": "146966",
                "SenSorManufacturer": "akm",
                "SenSorId": 0,
                "SenSorWakeUpSensor": false,
                "SenSorPower": 1.100000023841858
            },
            {
                "SenSorName": "orientation  Non-wakeup",
                "SenSorVersion": "1",
                "SenSorManufacturer": "xiaomi",
                "SenSorId": 0,
                "SenSorWakeUpSensor": false,
                "SenSorPower": 0.0010000000474974513
            },
            {
                "SenSorName": "icm4x6xx Gyroscope Non-wakeup",
                "SenSorVersion": "307",
                "SenSorManufacturer": "TDK-Invensense",
                "SenSorId": 0,
                "SenSorWakeUpSensor": false,
                "SenSorPower": 0.5699999928474426
            },
            {
                "SenSorName": "ams_tcs3701_new Ambient Light Sensor Non-wakeup",
                "SenSorVersion": "66048",
                "SenSorManufacturer": "ams AG",
                "SenSorId": 0,
                "SenSorWakeUpSensor": false,
                "SenSorPower": 0.3799999952316284
            },
            {
                "SenSorName": "ams_tcs3701_new Ambient Light Sensor Wakeup",
                "SenSorVersion": "66048",
                "SenSorManufacturer": "ams AG",
                "SenSorId": 0,
                "SenSorWakeUpSensor": true,
                "SenSorPower": 0.3799999952316284
            },
            {
                "SenSorName": "gravity  Non-wakeup",
                "SenSorVersion": "1",
                "SenSorManufacturer": "qualcomm",
                "SenSorId": 0,
                "SenSorWakeUpSensor": false,
                "SenSorPower": 0.5149999856948853
            },
            {
                "SenSorName": "linear_acceleration",
                "SenSorVersion": "1",
                "SenSorManufacturer": "qualcomm",
                "SenSorId": 0,
                "SenSorWakeUpSensor": false,
                "SenSorPower": 0.5149999856948853
            },
            {
                "SenSorName": "Rotation Vector  Non-wakeup",
                "SenSorVersion": "1",
                "SenSorManufacturer": "qualcomm",
                "SenSorId": 0,
                "SenSorWakeUpSensor": false,
                "SenSorPower": 1.4149999618530273
            },
            {
                "SenSorName": "ak0991x Magnetometer-Uncalibrated Non-wakeup",
                "SenSorVersion": "146966",
                "SenSorManufacturer": "akm",
                "SenSorId": 0,
                "SenSorWakeUpSensor": false,
                "SenSorPower": 1.100000023841858
            },
            {
                "SenSorName": "Game Rotation Vector  Non-wakeup",
                "SenSorVersion": "1",
                "SenSorManufacturer": "qualcomm",
                "SenSorId": 0,
                "SenSorWakeUpSensor": false,
                "SenSorPower": 0.5149999856948853
            },
            {
                "SenSorName": "icm4x6xx Gyroscope-Uncalibrated Non-wakeup",
                "SenSorVersion": "307",
                "SenSorManufacturer": "TDK-Invensense",
                "SenSorId": 0,
                "SenSorWakeUpSensor": false,
                "SenSorPower": 0.5699999928474426
            },
            {
                "SenSorName": "sns_smd  Wakeup",
                "SenSorVersion": "1",
                "SenSorManufacturer": "qualcomm",
                "SenSorId": 0,
                "SenSorWakeUpSensor": true,
                "SenSorPower": 0.02500000037252903
            },
            {
                "SenSorName": "pedometer  Non-wakeup",
                "SenSorVersion": "1",
                "SenSorManufacturer": "qualcomm",
                "SenSorId": 0,
                "SenSorWakeUpSensor": false,
                "SenSorPower": 0.15000000596046448
            },
            {
                "SenSorName": "pedometer  Wakeup",
                "SenSorVersion": "1",
                "SenSorManufacturer": "qualcomm",
                "SenSorId": 0,
                "SenSorWakeUpSensor": true,
                "SenSorPower": 0.15000000596046448
            },
            {
                "SenSorName": "pedometer  Non-wakeup",
                "SenSorVersion": "1",
                "SenSorManufacturer": "qualcomm",
                "SenSorId": 0,
                "SenSorWakeUpSensor": false,
                "SenSorPower": 0.15000000596046448
            },
            {
                "SenSorName": "pedometer  Wakeup",
                "SenSorVersion": "1",