{
    "Unknow": {
        "App-Count": 340,
        "com.miui.gallery": 1659102796000,
        "com.miui.securitycenter": 1659103404000,
        "com.mi.health": 1659102800000,
        "com.android.mms": 1659102807000,
        "com.mfashiongallery.emag": 1659102793000,
        "com.miui.player": 1659102818000,
        "com.miui.miservice": 1659102798000,
        "com.android.calendar": 1659102800000,
        "com.android.camera": 1659102436000,
        "com.miui.notes": 1659102817000,
        "com.xiaomi.market": 1659102689000,
        "com.miui.voiceassist": 1659102793000,
        "com.android.deskclock": 1659102798000,
        "com.android.providers.calendar": 1659102793000,
        "com.milink.service": 1659102793000,
        "com.xiaomi.account": 1659102796000,
        "com.xiaomi.gamecenter.sdk.service": 1656061955000,
        "com.miui.systemAdSolution": 1659102436000,
        "com.miui.tsmclient": 1659102851000,
        "com.miui.daemon": 1659102436000,
        "com.miui.hybrid": 1659102810000,
        "com.miui.bugreport": 1659102809000,
        "com.miui.voicetrigger": 1659102793000,
        "com.xiaomi.xmsf": 1659102717000,
        "com.xiaomi.finddevice": 1659102686000,
        "com.miui.newhome": 1659103406000,
        "com.xiaomi.misettings": 1659102436000,
        "com.miui.cloudservice": 1659102687000,
        "com.sohu.inputmethod.sogou.xiaomi": 1659102793000,
        "com.xiaomi.bluetooth": 1659102806000,
        "com.qti.ltebc": 1659102826000,
        "com.miui.core": 1659102809000,
        "com.xiaomi.aiasst.service": 1659102801000,
        "Research-Count": 34
    },
    "屏幕信息": {
        "widthPixels": 1080,
        "heightPixels": 2166,
        "density": 2.75,
        "scaledDensity": 2.75,
        "densityDpi": 440,
        "xdpi": 401.639,
        "ydpi": 401.845,
        "widthPixels1": 1080,
        "heightPixels1": 2400,
        "density1": 2.75,
        "scaledDensity1": 2.75,
        "densityDpi1": 440,
        "xdpi1": 401.639,
        "ydpi1": 401.845,
        "widthPixels2": 1080,
        "heightPixels2": 2166,
        "density2": 2.75,
        "scaledDensity2": 2.75,
        "densityDpi2": 440,
        "xdpi2": 401.639,
        "ydpi2": 401.845,
        "t-width": 392.72726,
        "t-height": 787.63635,
        "t-w": 1080,
        "t-h": 2400
    },
    "设备信息": {
        "SystemName": "Android",
        "SystemVersion": "12",
        "DeviceBrand": "Xiaomi",
        "UM-OAID": "eaf6a26ec32f48db",
        "DeviceModel": "M2101K9C",
        "ApplicationChannel": "CHANNEL-Xiaomi",
        "ApplicationKey": "APPKE",
        "APILevel": "31",
        "UA": "Mozilla\/5.0 (Linux; Android 12; M2101K9C Build\/SKQ1.211006.001; wv) AppleWebKit\/537.36 (KHTML, like Gecko) Version\/4.0 Chrome\/95.0.4638.74 Mobile Safari\/537.36",
        "TargetSdkVersion": "31",
        "BootTimeMilliseconds": "1659103288832",
        "Simulator": "0",
        "Debug": "0",
        "Hijack": "0",
        "SDK--utdid": "YuPosJdzZiwDACL2X4fJY4MH",
        "IsRoot": "0",
        "SystemFontSize": "0",
        "SystemHour": "12",
        "SystemLanguage": "zh",
        "SystemArea": "CN",
        "TimeZone": "GMT+08:00",
        "SenSorModuleName": [
            {
                "SenSorName": "Elliptic Proximity",
                "SenSorVersion": "4",
                "SenSorManufacturer": "Elliptic Labs",
                "SenSorId": 0,
                "SenSorWakeUpSensor": true,
                "SenSorPower": 0.5
            },
            {
                "SenSorName": "icm4x6xx Accelerometer Non-wakeup",
                "SenSorVersion": "307",
                "SenSorManufacturer": "TDK-Invensense",
                "SenSorId": 0,
                "SenSorWakeUpSensor": false,
                "SenSorPower": 0.23999999463558197
            },
            {
                "SenSorName": "ak0991x Magnetometer Non-wakeup",
                "SenSorVersion": "146966",
                "SenSorManufacturer": "akm",
                "SenSorId": 0,
                "SenSorWakeUpSensor": false,
                "SenSorPower": 1.100000023841858
            },
            {
                "SenSorName": "orientation  Non-wakeup",
                "SenSorVersion": "1",
                "SenSorManufacturer": "xiaomi",
                "SenSorId": 0,
                "SenSorWakeUpSensor": false,
                "SenSorPower": 0.0010000000474974513
            },
            {
                "SenSorName": "icm4x6xx Gyroscope Non-wakeup",
                "SenSorVersion": "307",
                "SenSorManufacturer": "TDK-Invensense",
                "SenSorId": 0,
                "SenSorWakeUpSensor": false,
                "SenSorPower": 0.5699999928474426
            },
            {
                "SenSorName": "ams_tcs3701_new Ambient Light Sensor Non-wakeup",
                "SenSorVersion": "66048",
                "SenSorManufacturer": "ams AG",
                "SenSorId": 0,
                "SenSorWakeUpSensor": false,
                "SenSorPower": 0.3799999952316284
            },
            {
                "SenSorName": "ams_tcs3701_new Ambient Light Sensor Wakeup",
                "SenSorVersion": "66048",
                "SenSorManufacturer": "ams AG",
                "SenSorId": 0,
                "SenSorWakeUpSensor": true,
                "SenSorPower": 0.3799999952316284
            },
            {
                "SenSorName": "gravity  Non-wakeup",
                "SenSorVersion": "1",
                "SenSorManufacturer": "qualcomm",
                "SenSorId": 0,
                "SenSorWakeUpSensor": false,
                "SenSorPower": 0.5149999856948853
            },
            {
                "SenSorName": "linear_acceleration",
                "SenSorVersion": "1",
                "SenSorManufacturer": "qualcomm",
                "SenSorId": 0,
                "SenSorWakeUpSensor": false,
                "SenSorPower": 0.5149999856948853
            },
            {
                "SenSorName": "Rotation Vector  Non-wakeup",
                "SenSorVersion": "1",
                "SenSorManufacturer": "qualcomm",
                "SenSorId": 0,
                "SenSorWakeUpSensor": false,
                "SenSorPower": 1.4149999618530273
            },
            {
                "SenSorName": "ak0991x Magnetometer-Uncalibrated Non-wakeup",
                "SenSorVersion": "146966",
                "SenSorManufacturer": "akm",
                "SenSorId": 0,
                "SenSorWakeUpSensor": false,
                "SenSorPower": 1.100000023841858
            },
            {
                "SenSorName": "Game Rotation Vector  Non-wakeup",
                "SenSorVersion": "1",
                "SenSorManufacturer": "qualcomm",
                "SenSorId": 0,
                "SenSorWakeUpSensor": false,
                "SenSorPower": 0.5149999856948853
            },
            {
                "SenSorName": "icm4x6xx Gyroscope-Uncalibrated Non-wakeup",
                "SenSorVersion": "307",
                "SenSorManufacturer": "TDK-Invensense",
                "SenSorId": 0,
                "SenSorWakeUpSensor": false,
                "SenSorPower": 0.5699999928474426
            },
            {
                "SenSorName": "sns_smd  Wakeup",
                "SenSorVersion": "1",
                "SenSorManufacturer": "qualcomm",
                "SenSorId": 0,
                "SenSorWakeUpSensor": true,
                "SenSorPower": 0.02500000037252903
            },
            {
                "SenSorName": "pedometer  Non-wakeup",
                "SenSorVersion": "1",
                "SenSorManufacturer": "qualcomm",
                "SenSorId": 0,
                "SenSorWakeUpSensor": false,
                "SenSorPower": 0.15000000596046448
            },
            {
                "SenSorName": "pedometer  Wakeup",
                "SenSorVersion": "1",
                "SenSorManufacturer": "qualcomm",