{
    "Unknow": {
        "App-Count": 329,
        "com.miui.gallery": 1658985181000,
        "com.miui.securitycenter": 1658989178000,
        "com.android.mms": 1658996156000,
        "com.android.camera": 1658983471000,
        "com.miui.notes": 1658989178000,
        "com.xiaomi.market": 1658989175000,
        "com.miui.weather2": 1658983484000,
        "com.miui.voiceassist": 1658985094000,
        "com.android.deskclock": 1658989178000,
        "com.miui.powerkeeper": 1658985229000,
        "com.android.providers.calendar": 1658998134000,
        "com.miui.systemAdSolution": 1658984149000,
        "com.miui.guardprovider": 1658989179000,
        "com.miui.hybrid": 1658989175000,
        "com.miui.personalassistant": 1658984159000,
        "com.xiaomi.xmsf": 1658984176000,
        "com.xiaomi.finddevice": 1658984308000,
        "com.miui.newhome": 1658997903000,
        "com.xiaomi.misettings": 1658983471000,
        "com.miui.cloudservice": 1658989175000,
        "com.xiaomi.bluetooth": 1658984290000,
        "com.android.thememanager": 1658989178000,
        "com.xiaomi.aiasst.service": 1659021433000,
        "Research-Count": 24
    },
    "屏幕信息": {
        "widthPixels": 1080,
        "heightPixels": 2261,
        "density": 2.75,
        "scaledDensity": 2.75,
        "densityDpi": 440,
        "xdpi": 401.639,
        "ydpi": 401.845,
        "widthPixels1": 1080,
        "heightPixels1": 2400,
        "density1": 2.75,
        "scaledDensity1": 2.75,
        "densityDpi1": 440,
        "xdpi1": 401.639,
        "ydpi1": 401.845,
        "widthPixels2": 1080,
        "heightPixels2": 2261,
        "density2": 2.75,
        "scaledDensity2": 2.75,
        "densityDpi2": 440,
        "xdpi2": 401.639,
        "ydpi2": 401.845,
        "t-width": 392.72726,
        "t-height": 822.1818,
        "t-w": 1080,
        "t-h": 2400
    },
    "设备信息": {
        "SystemName": "Android",
        "SystemVersion": "12",
        "DeviceBrand": "Xiaomi",
        "UM-OAID": "9543a1f1ae1c680c",
        "DeviceModel": "2109119BC",
        "ApplicationChannel": "CHANNEL-Xiaomi",
        "ApplicationKey": "APPKE",
        "APILevel": "31",
        "UA": "Mozilla\/5.0 (Linux; Android 12; 2109119BC Build\/SKQ1.211006.001; wv) AppleWebKit\/537.36 (KHTML, like Gecko) Version\/4.0 Chrome\/95.0.4638.74 Mobile Safari\/537.36",
        "TargetSdkVersion": "31",
        "BootTimeMilliseconds": "1658975858878",
        "Simulator": "0",
        "Debug": "0",
        "Hijack": "0",
        "SDK--utdid": "YuKpRhgJDpwDAKDncfcq1SdI",
        "IsRoot": "1",
        "SystemFontSize": "0",
        "SystemHour": "12",
        "SystemLanguage": "zh",
        "SystemArea": "CN",
        "TimeZone": "GMT+08:00",
        "SenSorModuleName": [
            {
                "SenSorName": "lsm6dso Accelerometer Non-wakeup",
                "SenSorVersion": "142854",
                "SenSorManufacturer": "STMicro",
                "SenSorId": 0,
                "SenSorWakeUpSensor": false,
                "SenSorPower": 0.17000000178813934
            },
            {
                "SenSorName": "ak0991x Magnetometer Non-wakeup",
                "SenSorVersion": "146970",
                "SenSorManufacturer": "akm",
                "SenSorId": 0,
                "SenSorWakeUpSensor": false,
                "SenSorPower": 1.100000023841858
            },
            {
                "SenSorName": "orientation  Non-wakeup",
                "SenSorVersion": "1",
                "SenSorManufacturer": "xiaomi",
                "SenSorId": 0,
                "SenSorWakeUpSensor": false,
                "SenSorPower": 0.0010000000474974513
            },
            {
                "SenSorName": "lsm6dso Gyroscope Non-wakeup",
                "SenSorVersion": "142854",
                "SenSorManufacturer": "STMicro",
                "SenSorId": 0,
                "SenSorWakeUpSensor": false,
                "SenSorPower": 0.550000011920929
            },
            {
                "SenSorName": "TMD3719ALSPRX Ambient Light Sensor Non-wakeup",
                "SenSorVersion": "66048",
                "SenSorManufacturer": "ams AG",
                "SenSorId": 0,
                "SenSorWakeUpSensor": false,
                "SenSorPower": 0.3799999952316284
            },
            {
                "SenSorName": "TMD3719ALSPRX Ambient Light Sensor Wakeup",
                "SenSorVersion": "66048",
                "SenSorManufacturer": "ams AG",
                "SenSorId": 0,
                "SenSorWakeUpSensor": true,
                "SenSorPower": 0.3799999952316284
            },
            {
                "SenSorName": "gravity  Non-wakeup",
                "SenSorVersion": "1",
                "SenSorManufacturer": "qualcomm",
                "SenSorId": 0,
                "SenSorWakeUpSensor": false,
                "SenSorPower": 0.5149999856948853
            },
            {
                "SenSorName": "linear_acceleration",
                "SenSorVersion": "1",
                "SenSorManufacturer": "qualcomm",
                "SenSorId": 0,
                "SenSorWakeUpSensor": false,
                "SenSorPower": 0.5149999856948853
            },
            {
                "SenSorName": "Rotation Vector  Non-wakeup",
                "SenSorVersion": "1",
                "SenSorManufacturer": "qualcomm",
                "SenSorId": 0,
                "SenSorWakeUpSensor": false,
                "SenSorPower": 1.4149999618530273
            },
            {
                "SenSorName": "ak0991x Magnetometer-Uncalibrated Non-wakeup",
                "SenSorVersion": "146970",
                "SenSorManufacturer": "akm",
                "SenSorId": 0,
                "SenSorWakeUpSensor": false,
                "SenSorPower": 1.100000023841858
            },
            {
                "SenSorName": "Game Rotation Vector  Non-wakeup",
                "SenSorVersion": "1",
                "SenSorManufacturer": "qualcomm",
                "SenSorId": 0,
                "SenSorWakeUpSensor": false,
                "SenSorPower": 0.5149999856948853
            },
            {
                "SenSorName": "lsm6dso Gyroscope-Uncalibrated Non-wakeup",
                "SenSorVersion": "142854",
                "SenSorManufacturer": "STMicro",
                "SenSorId": 0,
                "SenSorWakeUpSensor": false,
                "SenSorPower": 0.550000011920929
            },
            {
                "SenSorName": "sns_smd  Wakeup",
                "SenSorVersion": "1",
                "SenSorManufacturer": "qualcomm",
                "SenSorId": 0,
                "SenSorWakeUpSensor": true,
                "SenSorPower": 0.02500000037252903
            },
            {
                "SenSorName": "pedometer  Non-wakeup",
                "SenSorVersion": "1",
                "SenSorManufacturer": "qualcomm",
                "SenSorId": 0,
                "SenSorWakeUpSensor": false,
                "SenSorPower": 0.15000000596046448
            },
            {
                "SenSorName": "pedometer  Wakeup",
                "SenSorVersion": "1",
                "SenSorManufacturer": "qualcomm",
                "SenSorId": 0,
                "SenSorWakeUpSensor": true,
                "SenSorPower": 0.15000000596046448
            },
            {
                "SenSorName": "pedometer  Non-wakeup",
                "SenSorVersion": "1",
                "SenSorManufacturer": "qualcomm",
                "SenSorId": 0,
                "SenSorWakeUpSensor": false,
                "SenSorPower": 0.15000000596046448
            },
            {
                "SenSorName": "pedometer  Wakeup",
                "SenSorVersion": "1",
                "SenSorManufacturer": "qualcomm",
                "SenSorId": 0,
                "SenSorWakeUpSensor": true,