{
    "Unknow": {
        "com.miui.gallery": 1658997009000,
        "com.miui.securitycenter": 1642329274000,
        "com.android.browser": 1658997086000,
        "com.android.mms": 1658986492000,
        "com.android.camera": 1658984162000,
        "com.xiaomi.market": 1658982852000,
        "com.miui.voiceassist": 1658983410000,
        "com.android.deskclock": 1654258078000,
        "com.miui.powerkeeper": 1634711861000,
        "com.milink.service": 1654919540000,
        "com.xiaomi.account": 1658982855000,
        "com.xiaomi.gamecenter.sdk.service": 1658889370000,
        "com.android.providers.downloads": 1632926050000,
        "com.miui.systemAdSolution": 1658997021000,
        "com.miui.daemon": 1632926054000,
        "com.miui.huanji": 1635846756000,
        "com.miui.personalassistant": 1658983270000,
        "com.miui.bugreport": 1632926067000,
        "com.xiaomi.xmsf": 1658982869000,
        "com.xiaomi.finddevice": 1658983568000,
        "com.miui.newhome": 1658997070000,
        "com.xiaomi.misettings": 1658982855000,
        "com.miui.cloudservice": 1658997021000,
        "com.miui.core": 1658982874000,
        "Count": 24
    },
    "屏幕信息": {
        "widthPixels": 1080,
        "heightPixels": 2175,
        "density": 2.75,
        "scaledDensity": 2.75,
        "densityDpi": 440,
        "xdpi": 401.639,
        "ydpi": 401.845,
        "widthPixels1": 1080,
        "heightPixels1": 2400,
        "density1": 2.75,
        "scaledDensity1": 2.75,
        "densityDpi1": 440,
        "xdpi1": 401.639,
        "ydpi1": 401.845,
        "widthPixels2": 1080,
        "heightPixels2": 2175,
        "density2": 2.75,
        "scaledDensity2": 2.75,
        "densityDpi2": 440,
        "xdpi2": 401.639,
        "ydpi2": 401.845,
        "t-width": 392.72726,
        "t-height": 790.9091,
        "t-w": 1080,
        "t-h": 2400
    },
    "设备信息": {
        "SystemName": "Android",
        "SystemVersion": "11",
        "DeviceBrand": "Xiaomi",
        "UM-OAID": "8845ca0647cad5d2",
        "DeviceModel": "2109119BC",
        "ApplicationChannel": "CHANNEL-Xiaomi",
        "ApplicationKey": "APPKE",
        "APILevel": "30",
        "UA": "Mozilla\/5.0 (Linux; Android 11; 2109119BC Build\/RKQ1.210503.001; wv) AppleWebKit\/537.36 (KHTML, like Gecko) Version\/4.0 Chrome\/90.0.4430.210 Mobile Safari\/537.36",
        "TargetSdkVersion": "31",
        "BootTimeMilliseconds": "1658979637977",
        "Simulator": "0",
        "Debug": "0",
        "Hijack": "0",
        "SDK--utdid": "YW+44w9yV3YDAD69ZA8YeRY0",
        "IsRoot": "0",
        "SystemFontSize": "0",
        "SystemHour": "12",
        "SystemLanguage": "zh",
        "SystemArea": "CN",
        "TimeZone": "GMT+08:00",
        "SenSorModuleName": [
            {
                "SenSorName": "lsm6dso Accelerometer Non-wakeup",
                "SenSorVersion": "142854",
                "SenSorManufacturer": "STMicro",
                "SenSorId": 0,
                "SenSorWakeUpSensor": false,
                "SenSorPower": 0.17000000178813934
            },
            {
                "SenSorName": "ak0991x Magnetometer Non-wakeup",
                "SenSorVersion": "146970",
                "SenSorManufacturer": "akm",
                "SenSorId": 0,
                "SenSorWakeUpSensor": false,
                "SenSorPower": 1.100000023841858
            },
            {
                "SenSorName": "orientation  Non-wakeup",
                "SenSorVersion": "1",
                "SenSorManufacturer": "xiaomi",
                "SenSorId": 0,
                "SenSorWakeUpSensor": false,
                "SenSorPower": 0.0010000000474974513
            },
            {
                "SenSorName": "lsm6dso Gyroscope Non-wakeup",
                "SenSorVersion": "142854",
                "SenSorManufacturer": "STMicro",
                "SenSorId": 0,
                "SenSorWakeUpSensor": false,
                "SenSorPower": 0.550000011920929
            },
            {
                "SenSorName": "TMD3719ALSPRX Ambient Light Sensor Non-wakeup",
                "SenSorVersion": "66048",
                "SenSorManufacturer": "ams AG",
                "SenSorId": 0,
                "SenSorWakeUpSensor": false,
                "SenSorPower": 0.3799999952316284
            },
            {
                "SenSorName": "TMD3719ALSPRX Ambient Light Sensor Wakeup",
                "SenSorVersion": "66048",
                "SenSorManufacturer": "ams AG",
                "SenSorId": 0,
                "SenSorWakeUpSensor": true,
                "SenSorPower": 0.3799999952316284
            },
            {
                "SenSorName": "gravity  Non-wakeup",
                "SenSorVersion": "1",
                "SenSorManufacturer": "qualcomm",
                "SenSorId": 0,
                "SenSorWakeUpSensor": false,
                "SenSorPower": 0.5149999856948853
            },
            {
                "SenSorName": "linear_acceleration",
                "SenSorVersion": "1",
                "SenSorManufacturer": "qualcomm",
                "SenSorId": 0,
                "SenSorWakeUpSensor": false,
                "SenSorPower": 0.5149999856948853
            },
            {
                "SenSorName": "Rotation Vector  Non-wakeup",
                "SenSorVersion": "1",
                "SenSorManufacturer": "qualcomm",
                "SenSorId": 0,
                "SenSorWakeUpSensor": false,
                "SenSorPower": 1.4149999618530273
            },
            {
                "SenSorName": "ak0991x Magnetometer-Uncalibrated Non-wakeup",
                "SenSorVersion": "146970",
                "SenSorManufacturer": "akm",
                "SenSorId": 0,
                "SenSorWakeUpSensor": false,
                "SenSorPower": 1.100000023841858
            },
            {
                "SenSorName": "Game Rotation Vector  Non-wakeup",
                "SenSorVersion": "1",
                "SenSorManufacturer": "qualcomm",
                "SenSorId": 0,
                "SenSorWakeUpSensor": false,
                "SenSorPower": 0.5149999856948853
            },
            {
                "SenSorName": "lsm6dso Gyroscope-Uncalibrated Non-wakeup",
                "SenSorVersion": "142854",
                "SenSorManufacturer": "STMicro",
                "SenSorId": 0,
                "SenSorWakeUpSensor": false,
                "SenSorPower": 0.550000011920929
            },
            {
                "SenSorName": "sns_smd  Wakeup",
                "SenSorVersion": "1",
                "SenSorManufacturer": "qualcomm",
                "SenSorId": 0,
                "SenSorWakeUpSensor": true,
                "SenSorPower": 0.02500000037252903
            },
            {
                "SenSorName": "pedometer  Non-wakeup",
                "SenSorVersion": "1",
                "SenSorManufacturer": "qualcomm",
                "SenSorId": 0,
                "SenSorWakeUpSensor": false,
                "SenSorPower": 0.15000000596046448
            },
            {
                "SenSorName": "pedometer  Wakeup",
                "SenSorVersion": "1",
                "SenSorManufacturer": "qualcomm",
                "SenSorId": 0,
                "SenSorWakeUpSensor": true,
                "SenSorPower": 0.15000000596046448
            },
            {
                "SenSorName": "pedometer  Non-wakeup",
                "SenSorVersion": "1",
                "SenSorManufacturer": "qualcomm",
                "SenSorId": 0,
                "SenSorWakeUpSensor": false,
                "SenSorPower": 0.15000000596046448
            },
            {
                "SenSorName": "pedometer  Wakeup",
                "SenSorVersion": "1",
                "SenSorManufacturer": "qualcomm",
                "SenSorId": 0,
                "SenSorWakeUpSensor": true,